{
  "TI": 0.10651566416642533,
  "CI": 0.07122507122507123,
  "AR": 1.0,
  "SQ_proxy": 0.54,
  "Phi_proxy": 0.10683760683760685,
  "GBI_proxy": 0.41586661103585454,
  "GNS_proxy": 0.40457661267890466,
  "flow_rate": 0.777214999491707,
  "TSC_base": 0.0003342989962038679,
  "TSC_extended": 0.00016970276762392022,
  "TSC_score": 0.00016970276762392022,
  "SC": 0.0005611430681755651,
  "FP_recursive": 0.14975354795032875,
  "SCAV_health": 0.3329403147751368,
  "Stereoscopic_alignment": 0.662371685614687,
  "Stereoscopic_gap_max": 2.1033083884218944,
  "Ethical_score_candidates": 0.48518518518518516,
  "Blocked_fraction": 0.0,
  "Mu_density": 0.0,
  "attention_entropy": 0.9999999999999999,
  "shadow_magnitude": 0.0,
  "RI": 0.4929065696438816,
  "consistency": 0.07122507122507123,
  "magnitude": 0.00013902379062399054,
  "delta_protocol": 0.1782,
  "omega": 0.0,
  "psi": 0.0,
  "meta_classification": "computation"
}