{
  "TI": 0.10651566416642533,
  "CI": 0.08333333333333333,
  "AR": 1.0,
  "SQ_proxy": 0.48,
  "Phi_proxy": 0.125,
  "GBI_proxy": 0.4981653480689271,
  "GNS_proxy": 0.42194159196152853,
  "flow_rate": 0.6940032061054207,
  "TSC_base": 0.00046850199764846814,
  "TSC_extended": 0.00023347510812544214,
  "TSC_score": 0.00023347510812544214,
  "SC": 0.0007959215348836677,
  "FP_recursive": 0.15782186478621843,
  "SCAV_health": 0.35344718833828875,
  "Stereoscopic_alignment": 0.7470990743124318,
  "Stereoscopic_gap_max": 4.607800972433283,
  "Ethical_score_candidates": 0.4708333333333334,
  "Blocked_fraction": 0.0,
  "Mu_density": 0.0,
  "attention_entropy": 0.9999052818867686,
  "shadow_magnitude": 0.0,
  "RI": 0.5349767876889813,
  "consistency": 0.08333333333333333,
  "magnitude": 0.0002333914607295368,
  "delta_protocol": 0.0691,
  "omega": 0.0,
  "psi": 0.0,
  "meta_classification": "computation"
}