{
  "TI": 0.10651566416642533,
  "CI": 0.09523809523809523,
  "AR": 1.0,
  "SQ_proxy": 0.42,
  "Phi_proxy": 0.14285714285714285,
  "GBI_proxy": 0.4592722364983468,
  "GNS_proxy": 0.34318605973614674,
  "flow_rate": 0.8156818906795622,
  "TSC_base": 0.0005159092354250107,
  "TSC_extended": 0.00024639230364135355,
  "TSC_score": 0.00024639230364135355,
  "SC": 0.0010972510242271403,
  "FP_recursive": 0.11697236097880227,
  "SCAV_health": 0.3621636966345578,
  "Stereoscopic_alignment": 0.7313497583163772,
  "Stereoscopic_gap_max": 4.060553682341481,
  "Ethical_score_candidates": 0.4523809523809524,
  "Blocked_fraction": 0.0,
  "Mu_density": 0.0,
  "attention_entropy": 0.9980990691257967,
  "shadow_magnitude": 0.0,
  "RI": 0.5142927739658365,
  "consistency": 0.09523809523809523,
  "magnitude": 0.0002369427883837968
}